{
  "volume_km3": 1000.0,
  "vei": 8,
  "energy_GT_equiv": 597514340.3441682,
  "caldera_km": 75.3565929452874,
  "ash_mass_kg": 1000000000000000.0,
  "initial_tau": 12.547433417656123,
  "seed": null
}